{"skeleton":{"hash":"bqvOv1x/RFWZy1CoqF3iozhRN6Q","spine":"3.6.53","width":657,"height":921.6,"images":""},"bones":[{"name":"root","y":457},{"name":"Potato_base","parent":"root","x":-13.29,"y":-194.32}],"slots":[{"name":"Patate_final","bone":"Potato_base","attachment":"Patate_final_PNG"}],"skins":{"default":{"Patate_final":{"Patate_final_PNG":{"x":15.05,"y":190.38,"scaleY":0.9,"width":657,"height":1024}}}},"animations":{"Dash_charge":{"bones":{"Potato_base":{"rotate":[{"time":0,"angle":0},{"time":0.2667,"angle":4.5},{"time":0.3,"angle":15.3},{"time":0.3333,"angle":-11.4},{"time":0.3667,"angle":15.3},{"time":0.4,"angle":-11.4},{"time":0.4333,"angle":6.3},{"time":0.4667,"angle":-6.6},{"time":0.5,"angle":0},{"time":0.5333,"angle":-22.07},{"time":0.5667,"angle":16.95},{"time":0.6,"angle":-17.87},{"time":0.6333,"angle":15.71},{"time":0.7,"angle":0}],"translate":[{"time":0,"x":0,"y":0},{"time":0.2667,"x":0,"y":-34.18},{"time":0.7,"x":0,"y":0}],"scale":[{"time":0,"x":1,"y":1},{"time":0.2667,"x":1.15,"y":0.85,"curve":"stepped"},{"time":0.6,"x":1.15,"y":0.85},{"time":0.7,"x":1,"y":1}]}}},"Walk":{"bones":{"Potato_base":{"rotate":[{"time":0,"angle":15,"curve":[0.25,0,0.75,1]},{"time":0.5333,"angle":-15,"curve":[0.25,0,0.75,1]},{"time":1.0667,"angle":15}],"translate":[{"time":0,"x":0,"y":0},{"time":0.2667,"x":0,"y":-34.9},{"time":0.5333,"x":0,"y":0},{"time":0.8,"x":0,"y":-34.9},{"time":1.0667,"x":0,"y":0}],"scale":[{"time":0,"x":1,"y":1,"curve":[0.25,0,0.75,1]},{"time":0.2667,"x":1.15,"y":0.85,"curve":[0.25,0,0.75,1]},{"time":0.5333,"x":1,"y":1,"curve":[0.25,0,0.75,1]},{"time":0.8,"x":1.15,"y":0.85,"curve":[0.25,0,0.75,1]},{"time":1.0667,"x":1,"y":1}]}}},"dash_roll":{"bones":{"Potato_base":{"rotate":[{"time":0,"angle":-30},{"time":0.0667,"angle":-90},{"time":0.1667,"angle":180},{"time":0.2667,"angle":90},{"time":0.3667,"angle":-90},{"time":0.4667,"angle":180},{"time":0.5667,"angle":90},{"time":0.6667,"angle":-90},{"time":0.7667,"angle":180},{"time":0.8667,"angle":90},{"time":0.9667,"angle":-90},{"time":1.0667,"angle":180},{"time":1.1667,"angle":90},{"time":1.2667,"angle":-90},{"time":1.3667,"angle":180},{"time":1.4667,"angle":90},{"time":1.5667,"angle":0},{"time":1.6,"angle":-30}],"translate":[{"time":0,"x":0,"y":-30.01}],"scale":[{"time":0,"x":1.15,"y":0.85}]}}}}}